{"cameraMode":{"drawMode":0,"name":"Shaded","section":"Shading Mode"},"sceneLighting":true,"audioPlay":false,"sceneViewState":{"showFog":true,"showMaterialUpdate":false,"showSkybox":false,"showFlares":true,"showImageEffects":true,"showParticleSystems":true},"in2DMode":false,"pivot":{"x":0.01611154153943062,"y":-0.3171602487564087,"z":-0.5016531944274902},"rotation":{"x":-0.12274067103862763,"y":0.5980262756347656,"z":-0.09332714974880219,"w":-0.7865068316459656},"size":2.2578935623168947,"orthographic":false}