{"cameraMode":{"drawMode":0,"name":"Shaded","section":"Shading Mode"},"sceneLighting":true,"audioPlay":false,"sceneViewState":{"showFog":true,"showMaterialUpdate":false,"showSkybox":true,"showFlares":true,"showImageEffects":true,"showParticleSystems":true},"in2DMode":false,"pivot":{"x":-3.5790109634399416,"y":1.2239280939102173,"z":-0.7688794136047363},"rotation":{"x":-0.006637761369347572,"y":-0.9903872013092041,"z":0.1284734606742859,"w":-0.05113942548632622},"size":7.01212215423584,"orthographic":false}