{"cameraMode":{"drawMode":0,"name":"Shaded","section":"Shading Mode"},"sceneLighting":true,"audioPlay":false,"sceneViewState":{"showFog":true,"showMaterialUpdate":false,"showSkybox":false,"showFlares":true,"showImageEffects":true,"showParticleSystems":true},"in2DMode":false,"pivot":{"x":0.8799179792404175,"y":0.3381839990615845,"z":0.5533415079116821},"rotation":{"x":-0.013687891885638237,"y":0.6492987871170044,"z":-0.011688657104969025,"w":-0.7603287100791931},"size":1.5255720615386963,"orthographic":false}