{"cameraMode":{"drawMode":0,"name":"Shaded","section":"Shading Mode"},"sceneLighting":true,"audioPlay":false,"sceneViewState":{"showFog":true,"showMaterialUpdate":false,"showSkybox":false,"showFlares":true,"showImageEffects":true,"showParticleSystems":true},"in2DMode":false,"pivot":{"x":0.2641291916370392,"y":0.42362353205680849,"z":-0.27075570821762087},"rotation":{"x":0.04142897576093674,"y":-0.6400001645088196,"z":-0.034595441073179248,"w":-0.766491711139679},"size":1.6605260372161866,"orthographic":false}